# duration,x^0,x^1,x^2,x^3,x^4,x^5,x^6,x^7,y^0,y^1,y^2,y^3,y^4,y^5,y^6,y^7,z^0,z^1,z^2,z^3,z^4,z^5,z^6,z^7,yaw^0,yaw^1,yaw^2,yaw^3,yaw^4,yaw^5,yaw^6,yaw^7
2.665789,0.258711,0.000000,-0.000000,-0.359052,0.183382,-0.025491,-0.001178,0.000412,0.071735,-0.000000,-0.000000,2.108940,-2.973306,1.646980,-0.419612,0.040871,0.407533,-0.000000,0.000000,0.215580,-0.289870,0.160369,-0.040933,0.003980,-0.000000,0.000000,0.000000,0.000000,0.000000,-0.000000,0.000000,-0.000000
2.665789,-0.742075,-0.110603,0.392205,0.067451,-0.056516,-0.001346,0.002393,-0.000193,0.103559,-0.742232,-0.220673,0.702024,-0.660381,0.361634,-0.096420,0.009695,0.559459,0.057969,-0.012073,0.046095,-0.052782,0.027890,-0.007023,0.000682,-0.000000,-0.000000,0.000000,-0.000000,0.000000,-0.000000,0.000000,-0.000000
2.665789,0.666924,0.244147,-0.465983,-0.065304,0.052015,0.007233,-0.003876,0.000307,-0.136843,0.793766,0.114533,-0.035747,-0.200918,0.112021,-0.025067,0.002236,0.723014,0.060511,-0.001310,0.010458,-0.013658,0.007527,-0.001905,0.000182,0.000000,-0.000000,0.000000,-0.000000,0.000000,-0.000000,0.000000,-0.000000
2.665789,-0.727267,-0.223349,0.532602,0.078041,-0.059511,-0.007221,0.003825,-0.000263,0.193294,-0.927192,-0.183744,0.237403,-0.013409,0.005527,-0.005498,0.000773,0.887627,0.061723,-0.001440,0.000335,0.003138,-0.003238,0.001167,-0.000144,-0.000000,-0.000000,0.000000,-0.000000,0.000000,-0.000000,0.000000,-0.000000
2.665789,1.083909,0.375190,-0.595703,-0.085908,0.069304,-0.007143,0.004123,-0.000989,-0.253834,1.033747,0.209433,-0.230419,0.023506,-0.044635,0.024016,-0.003269,1.052114,0.062876,-0.000744,-0.008229,0.015062,-0.010156,0.003011,-0.000330,-0.000000,-0.000000,0.000000,-0.000000,0.000000,-0.000000,0.000000,-0.000000
2.665789,-0.704533,-0.337614,0.647322,-0.039858,0.040909,-0.065693,0.020497,-0.002017,0.294892,-1.064094,-0.135391,0.169947,0.103095,-0.066910,0.013162,-0.000975,1.216689,0.063153,-0.000758,-0.012064,0.021980,-0.014861,0.004413,-0.000484,0.000000,-0.000000,0.000000,-0.000000,0.000000,-0.000000,0.000000,-0.000000
2.665789,0.888542,0.264657,-0.548355,-0.071595,0.085013,-0.005952,-0.002196,0.000273,-0.294621,0.937273,0.158818,-0.221622,-0.018115,0.023853,-0.003688,0.000184,1.381211,0.063803,-0.000691,-0.017239,0.030613,-0.020538,0.006078,-0.000665,-0.000000,-0.000000,0.000000,-0.000000,0.000000,-0.000000,0.000000,-0.000000
2.665789,-0.693940,-0.333845,0.485113,0.062794,-0.101678,0.035702,-0.009722,0.001262,0.282788,-0.807738,-0.141334,0.207836,-0.043186,0.031777,-0.015159,0.002105,1.545754,0.064777,-0.000492,-0.023281,0.039235,-0.025608,0.007459,-0.000809,-0.000000,-0.000000,0.000000,-0.000000,0.000000,-0.000000,0.000000,-0.000000
2.665789,0.442716,0.218194,-0.382132,0.062372,-0.214532,0.210983,-0.072896,0.008777,-0.266768,0.664936,0.167790,-0.016916,-0.372477,0.301116,-0.097399,0.011571,1.710491,0.064655,-0.002755,-0.029208,0.060727,-0.045078,0.014470,-0.001698,0.000000,-0.000000,0.000000,-0.000000,0.000000,-0.000000,0.000000,-0.000000
2.665789,-0.704392,-0.304556,0.531588,0.662393,-1.138724,0.643615,-0.163626,0.015838,0.220295,-0.598548,0.125818,0.959069,-1.178391,0.592935,-0.139917,0.012766,1.876634,0.068931,-0.026049,-0.104081,0.147621,-0.081756,0.020930,-0.002053,-0.000000,-0.000000,0.000000,-0.000000,0.000000,-0.000000,0.000000,-0.000000
2.665789,0.379398,0.496952,0.028847,0.256528,-0.872915,0.652368,-0.193589,0.020560,0.001093,-0.003936,-0.020573,0.082357,-0.097106,0.051589,-0.012901,0.001238,1.900007,0.003681,0.000202,-0.037689,0.060641,-0.037915,0.010596,-0.001106,-0.000000,-0.000000,0.000000,-0.000000,0.000000,-0.000000,0.000000,-0.000000
2.665789,0.705187,-0.021385,-0.074324,0.301725,-0.360069,0.196064,-0.050519,0.005000,0.000161,-0.000737,-0.002415,0.012993,-0.019027,0.012338,-0.003695,0.000416,1.899933,0.002936,0.001288,-0.025936,0.040035,-0.024930,0.006996,-0.000734,0.000000,-0.000000,0.000000,-0.000000,0.000000,-0.000000,0.000000,-0.000000
2.665789,0.700478,-0.008307,-0.004449,0.092444,-0.129289,0.069658,-0.016264,0.001364,-0.000429,-0.001724,0.005479,0.022712,0.088469,-0.131900,0.053403,-0.006763,1.900085,0.003676,0.003615,-0.016771,-0.167895,0.063838,0.002571,-0.002216,0.000000,-0.000000,0.000000,-0.000000,0.000000,0.000000,-0.000000,0.000000
2.665789,0.714081,0.018914,-0.046981,-0.087960,0.208312,-0.145886,0.043513,-0.004765,-0.130174,0.055931,0.305003,-0.128084,-0.339818,0.343140,-0.116764,0.013698,0.535736,-0.428066,0.486811,-0.213300,-0.012224,0.042736,-0.013630,0.001403,-0.000000,-0.000000,0.000000,0.000000,0.000000,-0.000000,0.000000,-0.000000
2.665789,0.701517,0.018073,-0.015124,-0.170197,0.334335,-0.235095,0.071271,-0.007863,-0.006117,-0.060098,0.070069,0.604145,-1.298896,0.979239,-0.317830,0.037637,0.400148,0.000089,-0.002350,0.009274,-0.014747,0.010478,-0.003355,0.000395,0.000000,-0.000000,0.000000,-0.000000,0.000000,-0.000000,0.000000,-0.000000
2.665789,0.708085,0.097478,0.102274,-0.206402,-1.285809,1.252686,-0.395848,0.042188,-0.044557,-0.145421,0.671355,2.447429,-3.765160,1.875590,-0.404493,0.032808,0.399526,-0.003007,0.004492,0.024407,-0.052490,0.038245,-0.011955,0.001365,-0.000000,-0.000000,0.000000,-0.000000,0.000000,-0.000000,0.000000,-0.000000
2.665789,-0.208201,1.355843,0.347872,-0.306935,-1.094318,0.863039,-0.228116,0.021059,-0.718071,-0.414431,1.359848,0.319250,-0.497907,-0.034534,0.073819,-0.011245,0.399162,-0.006787,0.009657,0.065674,-0.145019,0.109557,-0.035410,0.004165,-0.000000,-0.000000,0.000000,0.000000,0.000000,-0.000000,0.000000,-0.000000
2.665789,-0.733830,0.306972,1.462227,0.147710,-1.294875,0.652523,-0.105836,0.003122,-0.170812,-1.429132,0.269808,0.649253,1.002212,-1.340132,0.481776,-0.055816,0.395600,-0.020741,0.056428,0.249805,-0.649594,0.513406,-0.163480,0.018368,0.000000,-0.000000,0.000000,-0.000000,0.000000,0.000000,-0.000000,0.000000
2.665789,0.731763,0.250942,-0.298243,-1.869410,1.593881,-0.416143,0.028668,0.001513,-0.064379,0.341454,1.473864,-0.018419,-2.069972,1.418835,-0.361976,0.033155,0.688466,0.111860,-0.293323,0.333963,-0.191214,0.056295,-0.007776,0.000355,-0.000000,-0.000000,0.000000,0.000000,0.000000,-0.000000,0.000000,-0.000000
2.665789,0.072479,1.465197,-0.128199,-0.909954,-0.111036,0.379977,-0.118386,0.010974,-0.741493,0.119118,1.382790,0.193173,-0.848945,0.257161,-0.002779,-0.004437,0.699781,0.003178,0.001468,-0.023656,0.034583,-0.020791,0.005701,-0.000589,-0.000000,-0.000000,0.000000,-0.000000,0.000000,-0.000000,0.000000,-0.000000
2.665789,-0.611295,0.857723,1.190266,-0.548115,-0.471423,0.237064,-0.016128,-0.002874,-0.431856,-1.175845,0.799202,0.520999,0.333229,-0.662301,0.243681,-0.027985,0.699967,0.001325,0.000044,-0.014392,0.026452,-0.018673,0.005802,-0.000664,0.000000,-0.000000,0.000000,-0.000000,0.000000,-0.000000,0.000000,-0.000000
2.665789,-0.679657,-0.590950,1.274530,0.081856,0.430538,-0.869442,0.378126,-0.050105,0.328133,-1.261518,-0.818802,-0.129960,2.857925,-2.373698,0.731372,-0.079378,0.700461,0.003446,-0.005823,-0.034119,0.082928,-0.067549,0.023270,-0.002862,0.000000,-0.000000,0.000000,-0.000000,0.000000,0.000000,-0.000000,0.000000
2.665789,0.813678,0.593890,0.360996,-2.410563,2.828147,-1.483029,0.363490,-0.034024,-0.011697,0.149309,-0.063759,-1.539502,2.326000,-1.254431,0.298098,-0.026656,0.728859,0.078229,-0.004105,-0.192805,0.237975,-0.122712,0.029625,-0.002755,-0.000000,-0.000000,0.000000,0.000000,0.000000,-0.000000,0.000000,-0.000000
2.665789,0.367193,-0.902093,-0.116361,-0.061627,0.248120,-0.130015,0.030497,-0.002850,0.836316,0.318437,-0.386149,-0.053341,0.015910,0.015754,-0.005234,0.000488,0.749526,0.001439,0.006202,-0.021161,0.023050,-0.011685,0.002834,-0.000266,0.000000,-0.000000,0.000000,-0.000000,0.000000,-0.000000,0.000000,-0.000000
2.665789,-0.786510,0.610705,0.385247,-0.137594,0.023801,-0.027255,0.009752,-0.001061,-0.556217,-0.694844,0.265884,0.115902,-0.023498,-0.005882,0.001337,-0.000053,0.749948,-0.000041,0.000380,-0.002543,0.005195,-0.004122,0.001395,-0.000169,-0.000000,-0.000000,0.000000,-0.000000,0.000000,-0.000000,0.000000,-0.000000
2.665789,0.989908,-0.136116,-0.476655,-0.001697,0.076491,-0.024832,0.005249,-0.000564,0.127322,0.875011,-0.060007,-0.139461,-0.003662,0.015661,-0.003650,0.000345,0.750205,0.001520,-0.001793,-0.011080,0.021874,-0.015046,0.004485,-0.000492,-0.000000,-0.000000,0.000000,-0.000000,0.000000,-0.000000,0.000000,-0.000000
2.665789,-0.928021,-0.363721,0.449688,0.041750,-0.017747,-0.010337,0.002466,-0.000074,0.335113,-0.822594,-0.154013,0.161448,-0.065701,0.057959,-0.022387,0.002854,0.750001,0.001914,-0.000383,-0.016680,0.030434,-0.021409,0.006699,-0.000778,0.000000,-0.000000,0.000000,-0.000000,0.000000,-0.000000,0.000000,-0.000000
2.665789,0.615224,0.774719,-0.272824,-0.078714,-0.275307,0.339843,-0.120848,0.013854,-0.712655,0.541661,0.426235,0.142517,-0.860441,0.573500,-0.149605,0.014085,0.750661,0.000430,-0.017587,-0.051035,0.274754,-0.325815,0.135277,-0.018304,-0.000000,-0.000000,0.000000,-0.000000,0.000000,-0.000000,0.000000,-0.000000
2.665789,0.982304,-0.219717,-0.638579,-0.163909,0.613400,-0.258416,0.036636,-0.001257,-0.000761,0.003749,0.015000,-0.064182,0.080170,-0.045225,0.011974,-0.001210,0.709408,0.655649,0.293101,-1.373926,0.781524,-0.167697,0.015931,-0.000838,-0.000000,-0.000000,0.000000,0.000000,0.000000,-0.000000,0.000000,-0.000000
2.665789,0.886855,0.545843,-0.551425,-0.328488,0.112830,0.140712,-0.066691,0.007936,-0.000178,0.003048,0.002073,-0.025274,0.036283,-0.021562,0.005845,-0.000597,0.319908,0.568354,0.559534,-0.402192,-0.195378,0.140247,-0.019293,-0.000074,0.000000,-0.000000,0.000000,-0.000000,0.000000,-0.000000,0.000000,-0.000000
2.665789,0.500309,0.750914,0.206571,-0.366207,-0.367084,0.365626,-0.103037,0.009899,-0.000162,0.001450,0.001903,-0.011441,0.012540,-0.005320,0.000841,-0.000021,0.211566,-0.184232,0.757487,0.040575,-0.124006,-0.098264,0.061714,-0.008399,-0.000000,-0.000000,0.000000,-0.000000,0.000000,-0.000000,0.000000,-0.000000
2.665789,0.209126,0.190738,0.823926,0.159962,-1.135304,0.806199,-0.236006,0.025664,-0.000771,0.000999,0.014784,0.025614,-0.141825,0.145589,-0.053706,0.006676,0.493323,-0.740367,0.182969,0.271730,0.495822,-0.600242,0.207694,-0.023776,-0.000000,-0.000000,0.000000,-0.000000,0.000000,-0.000000,0.000000,-0.000000
2.665789,0.657976,-0.628212,0.199713,1.288939,-2.409065,1.561343,-0.437525,0.045117,0.142253,0.030048,-0.057402,0.310502,-0.402007,0.221217,-0.056596,0.005531,0.990235,0.070259,-0.100836,-0.430759,0.453137,-0.210648,0.049953,-0.004751,0.000000,-0.000000,0.000000,-0.000000,0.000000,-0.000000,0.000000,-0.000000
2.665789,-0.500586,-0.457801,-0.309354,0.530748,-0.191549,-0.028212,0.033453,-0.005595,0.156754,-0.080427,-0.042140,0.077934,-0.087385,0.046996,-0.011824,0.001137,0.207568,-0.090085,0.277175,-0.040380,0.046818,-0.043866,0.012599,-0.001218,-0.000000,-0.000000,0.000000,-0.000000,0.000000,-0.000000,0.000000,-0.000000
2.665789,-0.683788,0.534352,-0.054423,-0.731928,1.059225,-0.549671,0.121870,-0.009647,-0.122401,-0.092794,0.015976,0.015727,-0.006633,0.000245,0.000585,-0.000115,0.987422,0.115329,-0.258837,-0.037617,0.040555,-0.002139,-0.001147,0.000130,-0.000000,-0.000000,0.000000,-0.000000,0.000000,-0.000000,0.000000,-0.000000
2.665789,0.488421,0.315708,0.170927,0.624237,-1.367213,0.934772,-0.278198,0.030715,-0.160005,0.071473,0.024402,-0.018571,0.031155,-0.023439,0.007420,-0.000853,0.216064,-0.132529,0.264113,0.038746,-0.060432,0.024513,-0.007506,0.000992,0.000000,-0.000000,0.000000,-0.000000,0.000000,-0.000000,0.000000,-0.000000
2.665789,0.713640,-0.584945,0.048653,1.360085,-2.247639,1.388559,-0.378725,0.038424,0.117068,0.099209,-0.026148,-0.048006,0.092726,-0.068142,0.021643,-0.002504,0.977202,0.141289,-0.240068,0.046067,-0.157553,0.145140,-0.047913,0.005554,0.000000,-0.000000,0.000000,0.000000,0.000000,-0.000000,0.000000,-0.000000
2.665789,-0.464328,-0.416016,-0.118900,0.493898,-0.847089,0.665091,-0.222546,0.026484,0.166816,-0.052526,-0.050379,-0.127991,0.302346,-0.230428,0.074539,-0.008712,0.221588,-0.196585,0.312246,0.343233,-0.763072,0.572561,-0.188294,0.022513,0.000000,-0.000000,-0.000000,-0.000000,-0.000000,-0.000000,0.000000,-0.000000
